population_size,generations,early_mutation_rate,mid_mutation_rate,late_mutation_rate,mutation_rate,max_stagnant,seed,runtime_seconds,dbi_before_ga,dbi_after_ga,dbi_improvement_pct,silhouette_score,ch_score,total_inertia,final_k,n_clusters_used
10,10,0.2,0.1,0.01,0.01,5,42,5.546,0.5599,0.5419,3.21,0.5227,577.8648,1894.1061,3,3
10,10,0.2,0.1,0.01,0.01,5,43,5.6645,0.5599,0.5421,3.18,0.5228,578.0234,1893.6802,3,3
10,10,0.2,0.1,0.01,0.01,5,44,5.5379,0.5599,0.5421,3.18,0.5228,578.0217,1893.6846,3,3
10,10,0.2,0.1,0.01,0.01,8,42,7.3242,0.5599,0.5421,3.18,0.5227,577.8922,1894.0418,3,3
10,10,0.2,0.1,0.01,0.01,8,43,7.6526,0.5599,0.5421,3.18,0.5227,577.8922,1894.0418,3,3
10,10,0.2,0.1,0.01,0.01,8,44,7.5976,0.5599,0.5421,3.18,0.5228,578.0173,1893.6969,3,3
10,10,0.2,0.1,0.05,0.05,5,42,5.7548,0.5599,0.5421,3.18,0.5227,577.8922,1894.0418,3,3
10,10,0.2,0.1,0.05,0.05,5,43,5.9365,0.5599,0.5421,3.18,0.5227,578.4783,1892.6024,3,3
10,10,0.2,0.1,0.05,0.05,5,44,5.6309,0.5599,0.5421,3.18,0.5228,578.0217,1893.6846,3,3
10,10,0.2,0.1,0.05,0.05,8,42,7.4641,0.5599,0.5419,3.21,0.5228,577.9959,1893.7445,3,3
10,10,0.2,0.1,0.05,0.05,8,43,7.71,0.5599,0.5419,3.21,0.5227,577.8632,1894.11,3,3
10,10,0.2,0.1,0.05,0.05,8,44,7.751,0.5599,0.5421,3.18,0.5228,578.0157,1893.7008,3,3
10,10,0.2,0.14,0.01,0.01,5,42,6.127,0.5599,0.5419,3.21,0.5228,577.9959,1893.7445,3,3
10,10,0.2,0.14,0.01,0.01,5,43,5.7926,0.5599,0.5419,3.21,0.5228,577.9959,1893.7445,3,3
10,10,0.2,0.14,0.01,0.01,5,44,5.7005,0.5599,0.5421,3.18,0.5228,578.0217,1893.6846,3,3
10,10,0.2,0.14,0.01,0.01,8,42,7.7357,0.5599,0.542,3.2,0.5227,577.9221,1893.9836,3,3
10,10,0.2,0.14,0.01,0.01,8,43,7.6707,0.5599,0.5419,3.21,0.5228,577.9943,1893.7484,3,3
10,10,0.2,0.14,0.01,0.01,8,44,7.7295,0.5599,0.5421,3.18,0.5228,578.0217,1893.6846,3,3
10,10,0.2,0.14,0.05,0.05,5,42,6.02,0.5599,0.5421,3.18,0.5228,578.0218,1893.684,3,3
10,10,0.2,0.14,0.05,0.05,5,43,5.8624,0.5599,0.5419,3.21,0.5228,577.9959,1893.7445,3,3
10,10,0.2,0.14,0.05,0.05,5,44,5.9773,0.5599,0.5419,3.21,0.5228,577.9943,1893.749,3,3
10,10,0.2,0.14,0.05,0.05,8,42,7.9071,0.5599,0.5419,3.21,0.5228,577.9959,1893.7445,3,3
10,10,0.2,0.14,0.05,0.05,8,43,7.7811,0.5599,0.5421,3.18,0.5227,577.8922,1894.0418,3,3
10,10,0.2,0.14,0.05,0.05,8,44,7.8669,0.5599,0.5419,3.21,0.5228,577.9943,1893.749,3,3
10,10,0.28,0.1,0.01,0.01,5,42,5.9156,0.5599,0.5422,3.16,0.5227,577.9964,1893.7751,3,3
10,10,0.28,0.1,0.01,0.01,5,43,6.2773,0.5599,0.5421,3.18,0.5228,577.9029,1894.0123,3,3
10,10,0.28,0.1,0.01,0.01,5,44,6.2311,0.5599,0.5421,3.18,0.5227,577.8922,1894.0418,3,3
10,10,0.28,0.1,0.01,0.01,8,42,8.3335,0.5599,0.5421,3.18,0.5228,578.0234,1893.6802,3,3
10,10,0.28,0.1,0.01,0.01,8,43,8.2462,0.5599,0.5419,3.21,0.5228,577.9943,1893.749,3,3
10,10,0.28,0.1,0.01,0.01,8,44,8.5016,0.5599,0.542,3.2,0.5226,578.0556,1893.6,3,3
10,10,0.28,0.1,0.05,0.05,5,42,7.1166,0.5599,0.5422,3.16,0.5227,577.9964,1893.7751,3,3
10,10,0.28,0.1,0.05,0.05,5,43,7.2692,0.5599,0.5421,3.18,0.5228,577.9029,1894.0123,3,3
10,10,0.28,0.1,0.05,0.05,5,44,6.6128,0.5599,0.5421,3.18,0.5227,577.8922,1894.0418,3,3
10,10,0.28,0.1,0.05,0.05,8,42,8.6156,0.5599,0.5419,3.21,0.5228,577.9959,1893.7445,3,3
10,10,0.28,0.1,0.05,0.05,8,43,8.6959,0.5599,0.5421,3.18,0.5228,578.0234,1893.6802,3,3
10,10,0.28,0.1,0.05,0.05,8,44,11.2308,0.5599,0.5419,3.21,0.5228,577.9959,1893.7445,3,3
10,10,0.28,0.14,0.01,0.01,5,42,8.7405,0.5599,0.5419,3.21,0.5227,578.5047,1892.2936,3,3
10,10,0.28,0.14,0.01,0.01,5,43,8.4742,0.5599,0.5419,3.21,0.5228,577.9959,1893.7445,3,3
10,10,0.28,0.14,0.01,0.01,5,44,8.3644,0.5599,0.5421,3.18,0.5226,578.4011,1892.5909,3,3
10,10,0.28,0.14,0.01,0.01,8,42,11.3259,0.5599,0.5419,3.21,0.5228,577.9959,1893.7445,3,3
10,10,0.28,0.14,0.01,0.01,8,43,11.4074,0.5599,0.5419,3.21,0.5228,577.9959,1893.7445,3,3
10,10,0.28,0.14,0.01,0.01,8,44,11.0921,0.5599,0.5418,3.23,0.5227,577.9084,1894.0136,3,3
10,10,0.28,0.14,0.05,0.05,5,42,8.1231,0.5599,0.5419,3.21,0.5227,578.5047,1892.2936,3,3
10,10,0.28,0.14,0.05,0.05,5,43,7.9888,0.5599,0.5419,3.21,0.5228,577.9959,1893.7445,3,3
10,10,0.28,0.14,0.05,0.05,5,44,8.2393,0.5599,0.5421,3.18,0.5226,578.4011,1892.5909,3,3
10,10,0.28,0.14,0.05,0.05,8,42,10.6524,0.5599,0.5419,3.21,0.5228,577.9959,1893.7445,3,3
10,10,0.28,0.14,0.05,0.05,8,43,10.6531,0.5599,0.5419,3.21,0.5227,577.8648,1894.1061,3,3
10,10,0.28,0.14,0.05,0.05,8,44,10.5704,0.5599,0.5419,3.21,0.5228,577.9898,1893.7612,3,3
10,25,0.2,0.1,0.01,0.01,5,42,8.2219,0.5599,0.5421,3.18,0.5226,578.0814,1893.5396,3,3
10,25,0.2,0.1,0.01,0.01,5,43,8.2219,0.5599,0.5421,3.18,0.5227,577.8922,1894.0418,3,3
10,25,0.2,0.1,0.01,0.01,5,44,8.302,0.5599,0.5421,3.18,0.5227,577.8922,1894.0418,3,3
10,25,0.2,0.1,0.01,0.01,8,42,10.4505,0.5599,0.5419,3.21,0.5228,577.9959,1893.7445,3,3
10,25,0.2,0.1,0.01,0.01,8,43,8.8582,0.5599,0.5419,3.21,0.5228,577.9959,1893.7445,3,3
10,25,0.2,0.1,0.01,0.01,8,44,9.0079,0.5599,0.5419,3.21,0.5228,577.9943,1893.749,3,3
10,25,0.2,0.1,0.05,0.05,5,42,6.998,0.5599,0.5421,3.18,0.5226,578.0814,1893.5396,3,3
10,25,0.2,0.1,0.05,0.05,5,43,7.1033,0.5599,0.5421,3.18,0.5227,577.8922,1894.0418,3,3
10,25,0.2,0.1,0.05,0.05,5,44,8.3872,0.5599,0.5421,3.18,0.5227,577.8922,1894.0418,3,3
10,25,0.2,0.1,0.05,0.05,8,42,10.8682,0.5599,0.5419,3.21,0.5228,577.9959,1893.7445,3,3
10,25,0.2,0.1,0.05,0.05,8,43,10.736,0.5599,0.5419,3.21,0.5228,577.9959,1893.7445,3,3
10,25,0.2,0.1,0.05,0.05,8,44,10.891,0.5599,0.5419,3.21,0.5228,577.9943,1893.749,3,3
10,25,0.2,0.14,0.01,0.01,5,42,7.9692,0.5599,0.5421,3.18,0.5226,578.0814,1893.5396,3,3
10,25,0.2,0.14,0.01,0.01,5,43,8.0856,0.5599,0.5421,3.18,0.5227,577.8922,1894.0418,3,3
10,25,0.2,0.14,0.01,0.01,5,44,8.0094,0.5599,0.5421,3.18,0.5227,577.8922,1894.0418,3,3
10,25,0.2,0.14,0.01,0.01,8,42,11.1363,0.5599,0.5421,3.18,0.5228,578.0173,1893.6969,3,3
10,25,0.2,0.14,0.01,0.01,8,43,10.7893,0.5599,0.5419,3.21,0.5228,577.9959,1893.7445,3,3
10,25,0.2,0.14,0.01,0.01,8,44,10.9899,0.5599,0.5421,3.18,0.5228,578.0217,1893.6846,3,3
10,25,0.2,0.14,0.05,0.05,5,42,7.9477,0.5599,0.5421,3.18,0.5226,578.0814,1893.5396,3,3
10,25,0.2,0.14,0.05,0.05,5,43,8.0699,0.5599,0.5421,3.18,0.5227,577.8922,1894.0418,3,3
10,25,0.2,0.14,0.05,0.05,5,44,7.9795,0.5599,0.5421,3.18,0.5227,577.8922,1894.0418,3,3
10,25,0.2,0.14,0.05,0.05,8,42,11.4278,0.5599,0.5419,3.21,0.5228,577.9898,1893.7612,3,3
10,25,0.2,0.14,0.05,0.05,8,43,10.7363,0.5599,0.5419,3.21,0.5228,577.9959,1893.7445,3,3
10,25,0.2,0.14,0.05,0.05,8,44,10.8715,0.5599,0.5421,3.18,0.5228,578.0217,1893.6846,3,3
10,25,0.28,0.1,0.01,0.01,5,42,7.9749,0.5599,0.5421,3.18,0.5227,578.0036,1893.7307,3,3
10,25,0.28,0.1,0.01,0.01,5,43,7.7798,0.5599,0.5419,3.21,0.5226,578.3379,1892.9816,3,3
10,25,0.28,0.1,0.01,0.01,5,44,8.4705,0.5599,0.5419,3.21,0.5228,577.9943,1893.749,3,3
10,25,0.28,0.1,0.01,0.01,8,42,10.5955,0.5599,0.5419,3.21,0.5227,577.8648,1894.1061,3,3
10,25,0.28,0.1,0.01,0.01,8,43,10.5384,0.5599,0.5421,3.18,0.5227,578.0052,1893.7268,3,3
10,25,0.28,0.1,0.01,0.01,8,44,10.8284,0.5599,0.5419,3.21,0.5228,577.9943,1893.749,3,3
10,25,0.28,0.1,0.05,0.05,5,42,7.9876,0.5599,0.5421,3.18,0.5227,578.0036,1893.7307,3,3
10,25,0.28,0.1,0.05,0.05,5,43,7.7206,0.5599,0.5419,3.21,0.5226,578.3379,1892.9816,3,3
10,25,0.28,0.1,0.05,0.05,5,44,8.4031,0.5599,0.5419,3.21,0.5228,577.9943,1893.749,3,3
10,25,0.28,0.1,0.05,0.05,8,42,10.7503,0.5599,0.5419,3.21,0.5227,577.8648,1894.1061,3,3
10,25,0.28,0.1,0.05,0.05,8,43,10.6573,0.5599,0.5421,3.18,0.5227,578.0052,1893.7268,3,3
10,25,0.28,0.1,0.05,0.05,8,44,10.9101,0.5599,0.5419,3.21,0.5228,577.9943,1893.749,3,3
10,25,0.28,0.14,0.01,0.01,5,42,8.1158,0.5599,0.5421,3.18,0.5227,578.0036,1893.7307,3,3
10,25,0.28,0.14,0.01,0.01,5,43,7.8812,0.5599,0.5419,3.21,0.5226,578.3379,1892.9816,3,3
10,25,0.28,0.14,0.01,0.01,5,44,8.2206,0.5599,0.5419,3.21,0.5227,578.4674,1892.6245,3,3
10,25,0.28,0.14,0.01,0.01,8,42,10.146,0.5599,0.5421,3.18,0.5227,577.8922,1894.0418,3,3
10,25,0.28,0.14,0.01,0.01,8,43,10.2087,0.5599,0.5419,3.21,0.5228,577.9959,1893.7445,3,3
10,25,0.28,0.14,0.01,0.01,8,44,10.0286,0.5599,0.5421,3.18,0.5228,578.0217,1893.6846,3,3
10,25,0.28,0.14,0.05,0.05,5,42,7.4171,0.5599,0.5421,3.18,0.5227,578.0036,1893.7307,3,3
10,25,0.28,0.14,0.05,0.05,5,43,7.3925,0.5599,0.5419,3.21,0.5226,578.3379,1892.9816,3,3
10,25,0.28,0.14,0.05,0.05,5,44,7.8436,0.5599,0.5419,3.21,0.5227,578.4674,1892.6245,3,3
10,25,0.28,0.14,0.05,0.05,8,42,9.9567,0.5599,0.5421,3.18,0.5227,577.8922,1894.0418,3,3
10,25,0.28,0.14,0.05,0.05,8,43,10.3873,0.5599,0.5419,3.21,0.5228,577.9959,1893.7445,3,3
10,25,0.28,0.14,0.05,0.05,8,44,10.4342,0.5599,0.5421,3.18,0.5228,578.0217,1893.6846,3,3
20,10,0.2,0.1,0.01,0.01,5,42,11.153,0.5599,0.5419,3.21,0.5228,577.9959,1893.7445,3,3
20,10,0.2,0.1,0.01,0.01,5,43,11.4236,0.5599,0.5419,3.21,0.5228,577.9943,1893.749,3,3
20,10,0.2,0.1,0.01,0.01,5,44,11.3051,0.5599,0.5419,3.21,0.5228,577.9943,1893.749,3,3
20,10,0.2,0.1,0.01,0.01,8,42,15.6838,0.5599,0.5419,3.21,0.5228,577.9898,1893.7612,3,3
20,10,0.2,0.1,0.01,0.01,8,43,15.6327,0.5599,0.5421,3.18,0.5228,578.0217,1893.6846,3,3
20,10,0.2,0.1,0.01,0.01,8,44,15.7132,0.5599,0.5419,3.21,0.5228,577.9898,1893.7612,3,3
20,10,0.2,0.1,0.05,0.05,5,42,11.1647,0.5599,0.5419,3.21,0.5228,577.9959,1893.7445,3,3
20,10,0.2,0.1,0.05,0.05,5,43,11.3539,0.5599,0.5418,3.23,0.5227,577.9128,1894.0013,3,3
20,10,0.2,0.1,0.05,0.05,5,44,11.3973,0.5599,0.5421,3.18,0.5228,578.0217,1893.6846,3,3
20,10,0.2,0.1,0.05,0.05,8,42,16.6371,0.5599,0.5421,3.18,0.5228,578.0173,1893.6969,3,3
20,10,0.2,0.1,0.05,0.05,8,43,16.2393,0.5599,0.5421,3.18,0.5227,577.8922,1894.0418,3,3
20,10,0.2,0.1,0.05,0.05,8,44,15.6215,0.5599,0.5421,3.18,0.5228,578.0234,1893.6802,3,3
20,10,0.2,0.14,0.01,0.01,5,42,11.1883,0.5599,0.5419,3.21,0.5228,577.9959,1893.7445,3,3
20,10,0.2,0.14,0.01,0.01,5,43,11.6308,0.5599,0.5419,3.21,0.5228,577.9959,1893.7445,3,3
20,10,0.2,0.14,0.01,0.01,5,44,11.2414,0.5599,0.5419,3.21,0.5228,577.9959,1893.7445,3,3
20,10,0.2,0.14,0.01,0.01,8,42,15.8771,0.5599,0.5419,3.21,0.5228,577.9898,1893.7612,3,3
20,10,0.2,0.14,0.01,0.01,8,43,15.6272,0.5599,0.5421,3.18,0.5228,578.0234,1893.6802,3,3
20,10,0.2,0.14,0.01,0.01,8,44,15.6566,0.5599,0.5419,3.21,0.5228,577.9943,1893.749,3,3
20,10,0.2,0.14,0.05,0.05,5,42,11.2601,0.5599,0.5419,3.21,0.5228,577.9959,1893.7445,3,3
20,10,0.2,0.14,0.05,0.05,5,43,11.3186,0.5599,0.5419,3.21,0.5228,577.9959,1893.7445,3,3
20,10,0.2,0.14,0.05,0.05,5,44,11.2416,0.5599,0.5419,3.21,0.5228,577.9959,1893.7445,3,3
20,10,0.2,0.14,0.05,0.05,8,42,15.5636,0.5599,0.5419,3.21,0.5228,577.9959,1893.7445,3,3
20,10,0.2,0.14,0.05,0.05,8,43,15.5995,0.5599,0.5421,3.18,0.5228,578.0217,1893.6846,3,3
20,10,0.2,0.14,0.05,0.05,8,44,15.7612,0.5599,0.5418,3.23,0.5227,577.9084,1894.0136,3,3
20,10,0.28,0.1,0.01,0.01,5,42,11.509,0.5599,0.5419,3.21,0.5227,577.8648,1894.1061,3,3
20,10,0.28,0.1,0.01,0.01,5,43,11.5131,0.5599,0.5421,3.18,0.5227,577.8922,1894.0418,3,3
20,10,0.28,0.1,0.01,0.01,5,44,11.3502,0.5599,0.5419,3.21,0.5228,577.9959,1893.7445,3,3
20,10,0.28,0.1,0.01,0.01,8,42,15.9385,0.5599,0.5419,3.21,0.5228,577.9898,1893.7612,3,3
20,10,0.28,0.1,0.01,0.01,8,43,15.8384,0.5599,0.5419,3.21,0.5227,577.8648,1894.1061,3,3
20,10,0.28,0.1,0.01,0.01,8,44,15.7809,0.5599,0.5419,3.21,0.5228,577.9943,1893.749,3,3
20,10,0.28,0.1,0.05,0.05,5,42,11.5179,0.5599,0.5419,3.21,0.5227,577.8648,1894.1061,3,3
20,10,0.28,0.1,0.05,0.05,5,43,11.6091,0.5599,0.5419,3.21,0.5227,577.8648,1894.1061,3,3
20,10,0.28,0.1,0.05,0.05,5,44,11.7512,0.5599,0.5419,3.21,0.5228,577.9959,1893.7445,3,3
20,10,0.28,0.1,0.05,0.05,8,42,16.3735,0.5599,0.5419,3.21,0.5228,577.9959,1893.7445,3,3
20,10,0.28,0.1,0.05,0.05,8,43,16.5145,0.5599,0.5419,3.21,0.5228,577.9943,1893.749,3,3
20,10,0.28,0.1,0.05,0.05,8,44,16.4574,0.5599,0.542,3.2,0.5227,577.9403,1893.937,3,3
20,10,0.28,0.14,0.01,0.01,5,42,11.8721,0.5599,0.5421,3.18,0.5227,577.8906,1894.0456,3,3
20,10,0.28,0.14,0.01,0.01,5,43,11.9221,0.5599,0.5419,3.21,0.5227,577.8648,1894.1061,3,3
20,10,0.28,0.14,0.01,0.01,5,44,11.9519,0.5599,0.5421,3.18,0.5228,578.0173,1893.6969,3,3
20,10,0.28,0.14,0.01,0.01,8,42,16.0267,0.5599,0.5421,3.18,0.5228,578.0234,1893.6802,3,3
20,10,0.28,0.14,0.01,0.01,8,43,16.2635,0.5599,0.5421,3.18,0.5228,578.0217,1893.6846,3,3
20,10,0.28,0.14,0.01,0.01,8,44,15.9018,0.5599,0.5419,3.21,0.5228,577.9959,1893.7445,3,3
20,10,0.28,0.14,0.05,0.05,5,42,11.2665,0.5599,0.5421,3.18,0.5227,577.8906,1894.0456,3,3
20,10,0.28,0.14,0.05,0.05,5,43,11.3366,0.5599,0.5421,3.18,0.5227,577.8922,1894.0418,3,3
20,10,0.28,0.14,0.05,0.05,5,44,11.6985,0.5599,0.5421,3.18,0.5228,578.0173,1893.6969,3,3
20,10,0.28,0.14,0.05,0.05,8,42,15.7207,0.5599,0.5419,3.21,0.5228,577.9943,1893.749,3,3
20,10,0.28,0.14,0.05,0.05,8,43,15.6934,0.5599,0.5419,3.21,0.5227,577.8648,1894.1061,3,3
20,10,0.28,0.14,0.05,0.05,8,44,16.0681,0.5599,0.5419,3.21,0.5228,577.9898,1893.7612,3,3
20,25,0.2,0.1,0.01,0.01,5,42,13.4825,0.5599,0.5419,3.21,0.5227,577.8648,1894.1061,3,3
20,25,0.2,0.1,0.01,0.01,5,43,10.5023,0.5599,0.5421,3.18,0.5228,578.0234,1893.6802,3,3
20,25,0.2,0.1,0.01,0.01,5,44,11.1096,0.5599,0.5419,3.21,0.5228,577.9959,1893.7445,3,3
20,25,0.2,0.1,0.01,0.01,8,42,15.52,0.5599,0.5419,3.21,0.5228,577.9959,1893.7445,3,3
20,25,0.2,0.1,0.01,0.01,8,43,15.2704,0.5599,0.542,3.2,0.5227,577.9359,1893.9492,3,3
20,25,0.2,0.1,0.01,0.01,8,44,15.9069,0.5599,0.5419,3.21,0.5228,577.9959,1893.7445,3,3
20,25,0.2,0.1,0.05,0.05,5,42,12.9671,0.5599,0.5419,3.21,0.5227,577.8648,1894.1061,3,3
20,25,0.2,0.1,0.05,0.05,5,43,11.6218,0.5599,0.5421,3.18,0.5228,578.0234,1893.6802,3,3
20,25,0.2,0.1,0.05,0.05,5,44,11.0864,0.5599,0.5419,3.21,0.5228,577.9959,1893.7445,3,3
20,25,0.2,0.1,0.05,0.05,8,42,14.8815,0.5599,0.5419,3.21,0.5228,577.9959,1893.7445,3,3
20,25,0.2,0.1,0.05,0.05,8,43,18.9197,0.5599,0.542,3.2,0.5227,577.9359,1893.9492,3,3
20,25,0.2,0.1,0.05,0.05,8,44,14.9618,0.5599,0.5419,3.21,0.5228,577.9959,1893.7445,3,3
20,25,0.2,0.14,0.01,0.01,5,42,10.7136,0.5599,0.5419,3.21,0.5227,577.8648,1894.1061,3,3
20,25,0.2,0.14,0.01,0.01,5,43,12.0507,0.5599,0.5421,3.18,0.5228,578.0234,1893.6802,3,3
20,25,0.2,0.14,0.01,0.01,5,44,12.5302,0.5599,0.5419,3.21,0.5228,577.9959,1893.7445,3,3
20,25,0.2,0.14,0.01,0.01,8,42,14.888,0.5599,0.5419,3.21,0.5228,577.9959,1893.7445,3,3
20,25,0.2,0.14,0.01,0.01,8,43,15.1501,0.5599,0.5419,3.21,0.5228,577.9898,1893.7612,3,3
20,25,0.2,0.14,0.01,0.01,8,44,17.447,0.5599,0.5419,3.21,0.5228,577.9959,1893.7445,3,3
20,25,0.2,0.14,0.05,0.05,5,42,10.6286,0.5599,0.5419,3.21,0.5227,577.8648,1894.1061,3,3
20,25,0.2,0.14,0.05,0.05,5,43,10.635,0.5599,0.5421,3.18,0.5228,578.0234,1893.6802,3,3
20,25,0.2,0.14,0.05,0.05,5,44,12.0444,0.5599,0.5419,3.21,0.5228,577.9959,1893.7445,3,3
20,25,0.2,0.14,0.05,0.05,8,42,16.7044,0.5599,0.5419,3.21,0.5228,577.9959,1893.7445,3,3
20,25,0.2,0.14,0.05,0.05,8,43,15.0409,0.5599,0.5419,3.21,0.5228,577.9898,1893.7612,3,3
20,25,0.2,0.14,0.05,0.05,8,44,15.9869,0.5599,0.5419,3.21,0.5228,577.9959,1893.7445,3,3
20,25,0.28,0.1,0.01,0.01,5,42,12.877,0.5599,0.5419,3.21,0.5228,577.9959,1893.7445,3,3
20,25,0.28,0.1,0.01,0.01,5,43,10.7338,0.5599,0.5419,3.21,0.5227,577.8648,1894.1061,3,3
20,25,0.28,0.1,0.01,0.01,5,44,10.6229,0.5599,0.5419,3.21,0.5228,577.9959,1893.7445,3,3
20,25,0.28,0.1,0.01,0.01,8,42,16.0485,0.5599,0.5419,3.21,0.5228,577.9943,1893.749,3,3
20,25,0.28,0.1,0.01,0.01,8,43,16.6559,0.5599,0.5418,3.23,0.5227,577.9128,1894.0013,3,3
20,25,0.28,0.1,0.01,0.01,8,44,15.0198,0.5599,0.5419,3.21,0.5228,577.9898,1893.7612,3,3
20,25,0.28,0.1,0.05,0.05,5,42,11.1329,0.5599,0.5419,3.21,0.5228,577.9959,1893.7445,3,3
20,25,0.28,0.1,0.05,0.05,5,43,12.9323,0.5599,0.5419,3.21,0.5227,577.8648,1894.1061,3,3
20,25,0.28,0.1,0.05,0.05,5,44,10.619,0.5599,0.5419,3.21,0.5228,577.9959,1893.7445,3,3
20,25,0.28,0.1,0.05,0.05,8,42,15.189,0.5599,0.5419,3.21,0.5228,577.9943,1893.749,3,3
20,25,0.28,0.1,0.05,0.05,8,43,17.879,0.5599,0.5418,3.23,0.5227,577.9128,1894.0013,3,3
20,25,0.28,0.1,0.05,0.05,8,44,15.0383,0.5599,0.5419,3.21,0.5228,577.9898,1893.7612,3,3
20,25,0.28,0.14,0.01,0.01,5,42,10.6577,0.5599,0.5419,3.21,0.5228,577.9959,1893.7445,3,3
20,25,0.28,0.14,0.01,0.01,5,43,11.2565,0.5599,0.5419,3.21,0.5227,577.8648,1894.1061,3,3
20,25,0.28,0.14,0.01,0.01,5,44,13.5969,0.5599,0.5419,3.21,0.5228,577.9959,1893.7445,3,3
20,25,0.28,0.14,0.01,0.01,8,42,15.8515,0.5599,0.5418,3.23,0.5227,577.9128,1894.0013,3,3
20,25,0.28,0.14,0.01,0.01,8,43,15.1251,0.5599,0.5421,3.18,0.5228,578.0217,1893.6846,3,3
20,25,0.28,0.14,0.01,0.01,8,44,18.2826,0.5599,0.5419,3.21,0.5228,577.9898,1893.7612,3,3
20,25,0.28,0.14,0.05,0.05,5,42,11.1079,0.5599,0.5419,3.21,0.5228,577.9959,1893.7445,3,3
20,25,0.28,0.14,0.05,0.05,5,43,10.9663,0.5599,0.5419,3.21,0.5227,577.8648,1894.1061,3,3
20,25,0.28,0.14,0.05,0.05,5,44,13.9658,0.5599,0.5419,3.21,0.5228,577.9959,1893.7445,3,3
20,25,0.28,0.14,0.05,0.05,8,42,17.4812,0.5599,0.5418,3.23,0.5227,577.9128,1894.0013,3,3
20,25,0.28,0.14,0.05,0.05,8,43,15.1041,0.5599,0.5421,3.18,0.5228,578.0217,1893.6846,3,3
20,25,0.28,0.14,0.05,0.05,8,44,21.4079,0.5599,0.5419,3.21,0.5228,577.9898,1893.7612,3,3
30,10,0.2,0.1,0.01,0.01,5,42,14.2786,0.5599,0.5419,3.21,0.5227,577.8648,1894.1061,3,3
30,10,0.2,0.1,0.01,0.01,5,43,14.4583,0.5599,0.5419,3.21,0.5228,577.9959,1893.7445,3,3
30,10,0.2,0.1,0.01,0.01,5,44,19.4014,0.5599,0.5419,3.21,0.5228,577.9959,1893.7445,3,3
30,10,0.2,0.1,0.01,0.01,8,42,20.3148,0.5599,0.5419,3.21,0.5228,577.9959,1893.7445,3,3
30,10,0.2,0.1,0.01,0.01,8,43,25.6905,0.5599,0.5419,3.21,0.5227,577.8648,1894.1061,3,3
30,10,0.2,0.1,0.01,0.01,8,44,20.7052,0.5599,0.5419,3.21,0.5228,577.9959,1893.7445,3,3
30,10,0.2,0.1,0.05,0.05,5,42,17.4535,0.5599,0.5419,3.21,0.5227,577.8648,1894.1061,3,3
30,10,0.2,0.1,0.05,0.05,5,43,17.3173,0.5599,0.5419,3.21,0.5228,577.9959,1893.7445,3,3
30,10,0.2,0.1,0.05,0.05,5,44,14.7017,0.5599,0.5419,3.21,0.5228,577.9959,1893.7445,3,3
30,10,0.2,0.1,0.05,0.05,8,42,27.9708,0.5599,0.5418,3.23,0.5227,577.9145,1893.9968,3,3
30,10,0.2,0.1,0.05,0.05,8,43,21.8934,0.5599,0.5419,3.21,0.5227,577.8648,1894.1061,3,3
30,10,0.2,0.1,0.05,0.05,8,44,24.6647,0.5599,0.5419,3.21,0.5227,577.8648,1894.1061,3,3
30,10,0.2,0.14,0.01,0.01,5,42,14.2147,0.5599,0.5419,3.21,0.5227,577.8648,1894.1061,3,3
30,10,0.2,0.14,0.01,0.01,5,43,16.5729,0.5599,0.5419,3.21,0.5228,577.9943,1893.749,3,3
30,10,0.2,0.14,0.01,0.01,5,44,18.8654,0.5599,0.5419,3.21,0.5228,577.9959,1893.7445,3,3
30,10,0.2,0.14,0.01,0.01,8,42,20.8212,0.5599,0.5419,3.21,0.5228,577.9943,1893.749,3,3
30,10,0.2,0.14,0.01,0.01,8,43,26.5004,0.5599,0.5419,3.21,0.5228,577.9959,1893.7445,3,3
30,10,0.2,0.14,0.01,0.01,8,44,20.5318,0.5599,0.5419,3.21,0.5228,577.9943,1893.749,3,3
30,10,0.2,0.14,0.05,0.05,5,42,17.1386,0.5599,0.5419,3.21,0.5227,577.8648,1894.1061,3,3
30,10,0.2,0.14,0.05,0.05,5,43,15.9631,0.5599,0.5419,3.21,0.5228,577.9943,1893.749,3,3
30,10,0.2,0.14,0.05,0.05,5,44,14.3579,0.5599,0.5419,3.21,0.5228,577.9959,1893.7445,3,3
30,10,0.2,0.14,0.05,0.05,8,42,25.2236,0.5599,0.5419,3.21,0.5227,577.8648,1894.1061,3,3
30,10,0.2,0.14,0.05,0.05,8,43,20.4004,0.5599,0.5419,3.21,0.5228,577.9959,1893.7445,3,3
30,10,0.2,0.14,0.05,0.05,8,44,26.1754,0.5599,0.5419,3.21,0.5228,577.9898,1893.7612,3,3
30,10,0.28,0.1,0.01,0.01,5,42,14.2065,0.5599,0.5419,3.21,0.5228,577.9959,1893.7445,3,3
30,10,0.28,0.1,0.01,0.01,5,43,14.6855,0.5599,0.5419,3.21,0.5228,577.9959,1893.7445,3,3
30,10,0.28,0.1,0.01,0.01,5,44,20.4646,0.5599,0.5419,3.21,0.5227,577.8648,1894.1061,3,3
30,10,0.28,0.1,0.01,0.01,8,42,20.5524,0.5599,0.5419,3.21,0.5228,577.9898,1893.7612,3,3
30,10,0.28,0.1,0.01,0.01,8,43,26.0137,0.5599,0.5419,3.21,0.5228,577.9898,1893.7612,3,3
30,10,0.28,0.1,0.01,0.01,8,44,20.7866,0.5599,0.5419,3.21,0.5228,577.9898,1893.7612,3,3
30,10,0.28,0.1,0.05,0.05,5,42,17.9074,0.5599,0.5419,3.21,0.5228,577.9959,1893.7445,3,3
30,10,0.28,0.1,0.05,0.05,5,43,15.2546,0.5599,0.5419,3.21,0.5228,577.9959,1893.7445,3,3
30,10,0.28,0.1,0.05,0.05,5,44,14.6517,0.5599,0.5419,3.21,0.5227,577.8648,1894.1061,3,3
30,10,0.28,0.1,0.05,0.05,8,42,25.7322,0.5599,0.5419,3.21,0.5228,577.9898,1893.7612,3,3
30,10,0.28,0.1,0.05,0.05,8,43,22.6013,0.5599,0.5419,3.21,0.5228,577.9898,1893.7612,3,3
30,10,0.28,0.1,0.05,0.05,8,44,20.7283,0.5599,0.5419,3.21,0.5228,577.9943,1893.749,3,3
30,10,0.28,0.14,0.01,0.01,5,42,18.7598,0.5599,0.5419,3.21,0.5228,577.9898,1893.7612,3,3
30,10,0.28,0.14,0.01,0.01,5,43,14.9476,0.5599,0.5419,3.21,0.5228,577.9898,1893.7612,3,3
30,10,0.28,0.14,0.01,0.01,5,44,15.4171,0.5599,0.5419,3.21,0.5228,577.9943,1893.749,3,3
30,10,0.28,0.14,0.01,0.01,8,42,25.3594,0.5599,0.5419,3.21,0.5228,577.9943,1893.749,3,3
30,10,0.28,0.14,0.01,0.01,8,43,20.6809,0.5599,0.5418,3.23,0.5226,577.7833,1894.3584,3,3
30,10,0.28,0.14,0.01,0.01,8,44,26.845,0.5599,0.5419,3.21,0.5228,577.9898,1893.7612,3,3
30,10,0.28,0.14,0.05,0.05,5,42,14.7136,0.5599,0.5419,3.21,0.5228,577.9898,1893.7612,3,3
30,10,0.28,0.14,0.05,0.05,5,43,19.579,0.5599,0.5419,3.21,0.5228,577.9898,1893.7612,3,3
30,10,0.28,0.14,0.05,0.05,5,44,16.1745,0.5599,0.5419,3.21,0.5228,577.9943,1893.749,3,3
30,10,0.28,0.14,0.05,0.05,8,42,23.7372,0.5599,0.5419,3.21,0.5228,577.9959,1893.7445,3,3
30,10,0.28,0.14,0.05,0.05,8,43,22.7075,0.5599,0.5419,3.21,0.5227,577.8648,1894.1061,3,3
30,10,0.28,0.14,0.05,0.05,8,44,23.5035,0.5599,0.5419,3.21,0.5227,577.8648,1894.1061,3,3
30,25,0.2,0.1,0.01,0.01,5,42,17.6966,0.5599,0.5419,3.21,0.5228,577.9959,1893.7445,3,3
30,25,0.2,0.1,0.01,0.01,5,43,14.7854,0.5599,0.5419,3.21,0.5228,577.9943,1893.749,3,3
30,25,0.2,0.1,0.01,0.01,5,44,17.0595,0.5599,0.5419,3.21,0.5228,577.9959,1893.7445,3,3
30,25,0.2,0.1,0.01,0.01,8,42,23.9902,0.5599,0.5419,3.21,0.5228,577.9943,1893.749,3,3
30,25,0.2,0.1,0.01,0.01,8,43,21.951,0.5599,0.5418,3.23,0.5227,577.9145,1893.9968,3,3
30,25,0.2,0.1,0.01,0.01,8,44,26.8724,0.5599,0.5419,3.21,0.5228,577.9898,1893.7612,3,3
30,25,0.2,0.1,0.05,0.05,5,42,15.0288,0.5599,0.5419,3.21,0.5228,577.9959,1893.7445,3,3
30,25,0.2,0.1,0.05,0.05,5,43,19.3442,0.5599,0.5419,3.21,0.5228,577.9943,1893.749,3,3
30,25,0.2,0.1,0.05,0.05,5,44,14.4386,0.5599,0.5419,3.21,0.5228,577.9959,1893.7445,3,3
30,25,0.2,0.1,0.05,0.05,8,42,24.2471,0.5599,0.5419,3.21,0.5228,577.9943,1893.749,3,3
30,25,0.2,0.1,0.05,0.05,8,43,22.4499,0.5599,0.5418,3.23,0.5227,577.9145,1893.9968,3,3
30,25,0.2,0.1,0.05,0.05,8,44,24.3709,0.5599,0.5419,3.21,0.5228,577.9898,1893.7612,3,3
30,25,0.2,0.14,0.01,0.01,5,42,16.706,0.5599,0.5419,3.21,0.5228,577.9959,1893.7445,3,3
30,25,0.2,0.14,0.01,0.01,5,43,14.7779,0.5599,0.5419,3.21,0.5228,577.9943,1893.749,3,3
30,25,0.2,0.14,0.01,0.01,5,44,19.0845,0.5599,0.5419,3.21,0.5228,577.9959,1893.7445,3,3
30,25,0.2,0.14,0.01,0.01,8,42,21.6743,0.5599,0.5419,3.21,0.5228,577.9943,1893.749,3,3
30,25,0.2,0.14,0.01,0.01,8,43,24.7746,0.5599,0.5418,3.23,0.5227,577.9145,1893.9968,3,3
30,25,0.2,0.14,0.01,0.01,8,44,22.5144,0.5599,0.5418,3.23,0.5227,577.9128,1894.0013,3,3
30,25,0.2,0.14,0.05,0.05,5,42,16.9917,0.5599,0.5419,3.21,0.5228,577.9959,1893.7445,3,3
30,25,0.2,0.14,0.05,0.05,5,43,18.7409,0.5599,0.5419,3.21,0.5228,577.9943,1893.749,3,3
30,25,0.2,0.14,0.05,0.05,5,44,14.5015,0.5599,0.5419,3.21,0.5228,577.9959,1893.7445,3,3
30,25,0.2,0.14,0.05,0.05,8,42,27.1622,0.5599,0.5419,3.21,0.5228,577.9943,1893.749,3,3
30,25,0.2,0.14,0.05,0.05,8,43,20.8372,0.5599,0.5418,3.23,0.5227,577.9145,1893.9968,3,3
30,25,0.2,0.14,0.05,0.05,8,44,28.5524,0.5599,0.5418,3.23,0.5227,577.9128,1894.0013,3,3
30,25,0.28,0.1,0.01,0.01,5,42,14.3462,0.5599,0.5419,3.21,0.5227,577.8648,1894.1061,3,3
30,25,0.28,0.1,0.01,0.01,5,43,16.3888,0.5599,0.5419,3.21,0.5227,577.8648,1894.1061,3,3
30,25,0.28,0.1,0.01,0.01,5,44,18.6935,0.5599,0.5419,3.21,0.5228,577.9898,1893.7612,3,3
30,25,0.28,0.1,0.01,0.01,8,42,21.599,0.5599,0.5419,3.21,0.5228,577.9898,1893.7612,3,3
30,25,0.28,0.1,0.01,0.01,8,43,25.231,0.5599,0.5419,3.21,0.5228,577.9959,1893.7445,3,3
30,25,0.28,0.1,0.01,0.01,8,44,21.4661,0.5599,0.5419,3.21,0.5228,577.9898,1893.7612,3,3
30,25,0.28,0.1,0.05,0.05,5,42,18.1509,0.5599,0.5419,3.21,0.5227,577.8648,1894.1061,3,3
30,25,0.28,0.1,0.05,0.05,5,43,15.3028,0.5599,0.5419,3.21,0.5227,577.8648,1894.1061,3,3
30,25,0.28,0.1,0.05,0.05,5,44,15.5752,0.5599,0.5419,3.21,0.5228,577.9898,1893.7612,3,3
30,25,0.28,0.1,0.05,0.05,8,42,27.0563,0.5599,0.5419,3.21,0.5228,577.9898,1893.7612,3,3
30,25,0.28,0.1,0.05,0.05,8,43,21.4821,0.5599,0.5419,3.21,0.5228,577.9959,1893.7445,3,3
30,25,0.28,0.1,0.05,0.05,8,44,25.1202,0.5599,0.5419,3.21,0.5228,577.9898,1893.7612,3,3
30,25,0.28,0.14,0.01,0.01,5,42,14.3065,0.5599,0.5419,3.21,0.5227,577.8648,1894.1061,3,3
30,25,0.28,0.14,0.01,0.01,5,43,17.6215,0.5599,0.5419,3.21,0.5227,577.8648,1894.1061,3,3
30,25,0.28,0.14,0.01,0.01,5,44,20.1611,0.5599,0.5419,3.21,0.5228,577.9898,1893.7612,3,3
30,25,0.28,0.14,0.01,0.01,8,42,21.705,0.5599,0.5419,3.21,0.5228,577.9898,1893.7612,3,3
30,25,0.28,0.14,0.01,0.01,8,43,25.5364,0.5599,0.5419,3.21,0.5228,577.9959,1893.7445,3,3
30,25,0.28,0.14,0.01,0.01,8,44,20.7743,0.5599,0.5419,3.21,0.5228,577.9898,1893.7612,3,3
30,25,0.28,0.14,0.05,0.05,5,42,21.1679,0.5599,0.5419,3.21,0.5227,577.8648,1894.1061,3,3
30,25,0.28,0.14,0.05,0.05,5,43,14.3719,0.5599,0.5419,3.21,0.5227,577.8648,1894.1061,3,3
30,25,0.28,0.14,0.05,0.05,5,44,16.7674,0.5599,0.5419,3.21,0.5228,577.9898,1893.7612,3,3
30,25,0.28,0.14,0.05,0.05,8,42,25.9385,0.5599,0.5419,3.21,0.5228,577.9898,1893.7612,3,3
30,25,0.28,0.14,0.05,0.05,8,43,23.4847,0.5599,0.5419,3.21,0.5228,577.9959,1893.7445,3,3
30,25,0.28,0.14,0.05,0.05,8,44,22.7606,0.5599,0.5419,3.21,0.5228,577.9898,1893.7612,3,3
